1537271578338|ene1|5.938256741|0|44.51968765|||||||||||||
1537271578340|ene1|5.938256741|0|44.65187073|||||||||||||
1537271578642|ene8|5.926513672|0|41.31804657|||||||||||||
1537271578666|ene8|5.926501274|0|41.31804657|||||||||||||
1537271578799|ene7|5.891333103|0|42.87680054|||||||||||||
1537271578856|ene7|5.891430855|0|42.87680054|||||||||||||
1537271578952|ene2|5.88809824|0|42.17858887|||||||||||||
1537271578957|ene2|5.88809824|0|42.25725174|||||||||||||
1537271579094|ene6|5.950768948|0|76.06290436|||||||||||||
1537271579111|ene5|5.863488674|0|11.68634129|||||||||||||
1537271579131|ene6|5.950768948|0|76.27853394|||||||||||||
1537271579141|ene5|5.863379002|0|11.68634129|||||||||||||
1537271579222|ene3|5.949389458|0|46.31605148|||||||||||||
1537271579230|ene3|5.949389458|0|46.35726166|||||||||||||
1537271579273|ene1|5.938256741|0|44.51750183|||||||||||||
1537271579306|ene1|5.938195705|0|44.51750183|||||||||||||
1537271579593|ene8|5.926501274|0|41.1862793|||||||||||||
1537271579788|ene7|5.891503811|0|42.87680054|||||||||||||
1537271579853|ene7|5.891503811|0|42.85501862|||||||||||||
1537271579940|ene2|5.888146877|0|42.25725174|||||||||||||
1537271579991|ene2|5.888146877|0|42.25922012|||||||||||||
1537271580036|ene6|5.950768948|0|75.95253754|||||||||||||
1537271580093|ene5|5.863379002|0|11.51034069|||||||||||||
1537271580154|ene5|5.863451958|0|11.51034069|||||||||||||
1537271580156|ene3|5.949389458|0|46.27986145|||||||||||||
1537271580224|ene3|5.949450493|0|46.27986145|||||||||||||
1537271580340|ene1|5.938195705|0|44.43711472|||||||||||||
1537271580366|ene1|5.938305855|0|44.43711472|||||||||||||
1537271580565|ene8|5.926501274|0|41.20676804|||||||||||||
1537271580569|ene8|5.926367283|0|41.20676804|||||||||||||
1537271580807|ene7|5.891503811|0|42.73136902|||||||||||||
1537271580914|ene7|5.891455173|0|42.73136902|||||||||||||
1537271580956|ene2|5.888146877|0|42.1800499|||||||||||||
1537271580988|ene2|5.888183594|0|42.1800499|||||||||||||
1537271581055|ene6|5.950757027|0|75.95253754|||||||||||||
1537271581106|ene5|5.863293648|0|11.51034069|||||||||||||
1537271581107|ene6|5.950757027|0|76.05438232|||||||||||||
1537271581158|ene5|5.863293648|0|11.61681747|||||||||||||
1537271581214|ene3|5.949450493|0|46.37417984|||||||||||||
1537271581230|ene3|5.949377537|0|46.37417984|||||||||||||
1537271581288|ene1|5.938305855|0|44.57346344|||||||||||||
1537271581299|ene1|5.938171387|0|44.57346344|||||||||||||
1537271581639|ene8|5.926465034|0|41.20676804|||||||||||||
1537271581648|ene8|5.926465034|0|41.30648041|||||||||||||
1537271581767|ene7|5.891455173|0|42.64736176|||||||||||||
1537271581829|ene7|5.891479492|0|42.64736176|||||||||||||
1537271581894|ene2|5.888183594|0|42.14431|||||||||||||
1537271581907|ene2|5.888257027|0|42.14431|||||||||||||
1537271582018|ene6|5.950757027|0|76.20886993|||||||||||||
1537271582071|ene5|5.863366604|0|11.61681747|||||||||||||
1537271582094|ene6|5.950707912|0|76.20886993|||||||||||||
1537271582109|ene5|5.863366604|0|11.8722868|||||||||||||
1537271582174|ene3|5.949377537|0|46.42222977|||||||||||||
1537271582212|ene3|5.949536324|0|46.42222977|||||||||||||
1537271582276|ene1|5.938208103|0|44.52217865|||||||||||||
1537271582281|ene1|5.938171387|0|44.52217865|||||||||||||
1537271582608|ene8|5.926465034|0|41.31829071|||||||||||||
1537271582625|ene8|5.926440239|0|41.31829071|||||||||||||
1537271582853|ene7|5.891479492|0|42.84721756|||||||||||||
1537271582865|ene7|5.891394138|0|42.84721756|||||||||||||
1537271582957|ene2|5.888257027|0|42.23821259|||||||||||||
1537271582997|ene2|5.888232231|0|42.23821259|||||||||||||
1537271583075|ene6|5.950659275|0|76.20886993|||||||||||||
1537271583214|ene5|5.863354683|0|11.69567394|||||||||||||
1537271583216|ene3|5.949426174|0|46.42222977|||||||||||||
1537271583217|ene5|5.863366604|0|11.69567394|||||||||||||
1537271583230|ene6|5.950659275|0|76.06629944|||||||||||||
1537271583312|ene3|5.949426174|0|46.34823227|||||||||||||
1537271583343|ene1|5.938122749|0|44.54317856|||||||||||||
1537271583368|ene1|5.938122749|0|44.52217865|||||||||||||
1537271583637|ene8|5.926440239|0|41.20710754|||||||||||||
1537271583792|ene7|5.891394138|0|43.00788498|||||||||||||
1537271583826|ene7|5.891381741|0|43.00788498|||||||||||||
1537271583944|ene2|5.888232231|0|42.38305283|||||||||||||
1537271584009|ene2|5.888183594|0|42.38305283|||||||||||||
1537271584073|ene6|5.950659275|0|76.19207764|||||||||||||
1537271584137|ene5|5.863317966|0|11.69567394|||||||||||||
1537271584143|ene6|5.950781345|0|76.19207764|||||||||||||
1537271584184|ene5|5.863317966|0|11.36514759|||||||||||||
1537271584266|ene3|5.949328423|0|46.40270996|||||||||||||
1537271584275|ene3|5.949328423|0|46.34823227|||||||||||||
1537271584325|ene1|5.938122749|0|44.76213074|||||||||||||
1537271584358|ene1|5.938171387|0|44.76213074|||||||||||||
1537271584573|ene8|5.926440239|0|41.47366333|||||||||||||
1537271584646|ene8|5.926489353|0|41.47366333|||||||||||||
1537271584869|ene7|5.891247749|0|43.00788498|||||||||||||
1537271584891|ene7|5.891247749|0|42.94709778|||||||||||||
1537271584987|ene2|5.888183594|0|42.10165024|||||||||||||
1537271585035|ene5|5.863317966|0|11.32399654|||||||||||||
1537271585095|ene5|5.863329887|0|11.32399654|||||||||||||
1537271585158|ene6|5.950781345|0|76.35786438|||||||||||||
1537271585279|ene3|5.949401855|0|46.51199722|||||||||||||
1537271585317|ene3|5.949328423|0|46.51199722|||||||||||||
1537271585353|ene1|5.938073635|0|44.76213074|||||||||||||
1537271585356|ene1|5.938073635|0|51.53726578|||||||||||||
1537271585527|mes10_plcManual||||f|f|t|t|f|f|0|0|8|||0|0
1537271585568|ene8|5.92641592|0|41.47366333|||||||||||||
1537271585662|ene8|5.92641592|0|41.34835052|||||||||||||
1537271585839|ene7|5.891247749|0|42.87270355|||||||||||||
1537271585906|ene7|5.89125967|0|42.87270355|||||||||||||
1537271585964|ene2|5.888110161|0|42.10165024|||||||||||||
1537271585980|ene2|5.888110161|0|42.41684723|||||||||||||
1537271586060|ene6|5.950781345|0|76.00806427|||||||||||||
1537271586076|ene6|5.950793266|0|76.00806427|||||||||||||
1537271586125|ene5|5.863329887|0|11.76204109|||||||||||||
1537271586139|ene5|5.86315918|0|11.76204109|||||||||||||
1537271586191|ene3|5.949462891|0|46.51199722|||||||||||||
1537271586253|ene3|5.949462891|0|46.25743484|||||||||||||
1537271586310|ene1|5.938073635|0|63.79380035|||||||||||||
1537271586328|ene1|5.938097954|0|63.79380035|||||||||||||
1537271586497|mes10_plcManual||||f|f|t|f|f|f|0|0|8|||0|0
1537271586604|ene8|5.92641592|0|41.17611313|||||||||||||
1537271586648|ene8|5.926330566|0|41.17611313|||||||||||||
1537271586795|ene7|5.89125967|0|42.705513|||||||||||||
1537271586854|ene7|5.891394138|0|42.705513|||||||||||||
1537271586906|ene2|5.888195992|0|42.41684723|||||||||||||
1537271586917|ene2|5.888195992|0|42.40769196|||||||||||||
1537271587101|ene5|5.863293648|0|11.76204109|||||||||||||
1537271587130|ene6|5.95072031|0|76.00806427|||||||||||||
1537271587151|ene6|5.95072031|0|75.97962189|||||||||||||
1537271587193|ene5|5.863293648|0|11.62583637|||||||||||||
1537271587340|ene3|5.949377537|0|46.28410339|||||||||||||
1537271587345|ene3|5.949377537|0|46.25743485|||||||||||||
1537271587366|ene1|5.938097954|0|65.96031952|||||||||||||
1537271587375|ene1|5.937914848|0|65.96031952|||||||||||||
1537271587633|ene8|5.926354885|0|41.17611313|||||||||||||
1537271587638|ene8|5.926354885|0|41.18375397|||||||||||||
1537271587795|ene7|5.891381741|0|42.705513|||||||||||||
1537271587873|ene7|5.891381741|0|42.73942566|||||||||||||
1537271587928|ene2|5.888195992|0|42.31776047|||||||||||||
1537271587952|ene2|5.88822031|0|42.31776047|||||||||||||
1537271588043|ene5|5.863305569|0|11.62583637|||||||||||||
1537271588049|ene6|5.950768948|0|75.97962189|||||||||||||
1537271588057|ene6|5.950768948|0|76.02371979|||||||||||||
1537271588106|ene5|5.863305569|0|11.472682|||||||||||||
1537271588202|ene3|5.949377537|0|46.50402451|||||||||||||
1537271588264|ene3|5.949389458|0|46.50402451|||||||||||||
1537271588334|ene1|5.937914848|0|65.95861053|||||||||||||
1537271588371|ene1|5.938097954|0|65.95861054|||||||||||||
1537271588481|mes10_plcManual||||f|t|t|f|t|f|0|0|8|||0|0
1537271588504|mes10_plcManual||||f|f|t|f|t|f|0|0|8|||0|0
1537271588563|ene8|5.926342964|0|41.18375397|||||||||||||
1537271588608|ene8|5.926342964|0|41.29064941|||||||||||||
1537271588834|ene7|5.891381741|0|42.79528427|||||||||||||
1537271588880|ene7|5.891272068|0|42.79528427|||||||||||||
1537271588978|ene2|5.88822031|0|42.27300644|||||||||||||
1537271589015|ene2|5.888244629|0|42.27300644|||||||||||||
1537271589124|ene6|5.950622559|0|76.16438294|||||||||||||
1537271589135|ene6|5.950768948|0|76.16438293|||||||||||||
1537271589137|ene5|5.863305569|0|11.86051559|||||||||||||
1537271589256|ene3|5.949267387|0|46.50402451|||||||||||||
1537271589269|ene3|5.949267387|0|46.35896301|||||||||||||
1537271589275|ene1|5.938061714|0|65.9306488|||||||||||||
1537271589285|ene1|5.938097954|0|65.9306488|||||||||||||
1537271589496|mes10_plcManual||||f|t|f|f|t|f|0|0|8|||0|0
1537271589528|mes10_plcManual||||f|t|f|f|t|f|0|0|8|||0|0
1537271589566|ene8|5.926342964|0|41.20711899|||||||||||||
1537271589625|ene8|5.926257133|0|41.20711899|||||||||||||
1537271589796|ene7|5.891333103|0|42.79528427|||||||||||||
1537271589841|ene7|5.891333103|0|42.81820297|||||||||||||
1537271589998|ene2|5.888183594|0|42.21595764|||||||||||||
1537271590015|ene2|5.888244629|0|42.21595764|||||||||||||
1537271590072|ene5|5.863317966|0|11.86051559|||||||||||||
1537271590073|ene6|5.950695992|0|76.16438294|||||||||||||
1537271590170|ene5|5.863317966|0|11.91508293|||||||||||||
1537271590171|ene3|5.949279785|0|46.35896301|||||||||||||
1537271590210|ene6|5.950695992|0|76.23982239|||||||||||||
1537271590221|ene3|5.949279785|0|46.27581406|||||||||||||
1537271590340|ene1|5.938147068|0|66.08439636|||||||||||||
1537271590346|ene1|5.938061714|0|66.08439636|||||||||||||
1537271590612|ene8|5.926391602|0|41.30807495|||||||||||||
1537271590618|ene8|5.926391602|0|41.20711899|||||||||||||
1537271590826|ene7|5.891333103|0|42.82320786|||||||||||||
1537271590931|ene7|5.891296387|0|42.82320786|||||||||||||
1537271590980|ene2|5.888232231|0|42.21595764|||||||||||||
1537271591016|ene2|5.888232231|0|42.25876617|||||||||||||
1537271591127|ene6|5.950695992|0|75.82738495|||||||||||||
1537271591188|ene5|5.863317966|0|11.90225315|||||||||||||
1537271591189|ene6|5.950585842|0|75.82738495|||||||||||||
1537271591259|ene5|5.863220215|0|11.90225315|||||||||||||
1537271591295|ene3|5.949279785|0|46.34843445|||||||||||||
1537271591376|ene1|5.938147068|0|65.64367676|||||||||||||
1537271591442|ene3|5.949401855|0|46.34843445|||||||||||||
1537271591485|ene1|5.938000679|0|65.64367676|||||||||||||
1537271591586|ene8|5.926391602|0|41.2395668|||||||||||||
1537271591659|ene8|5.926367283|0|41.2395668|||||||||||||
1537271591754|ene7|5.891296387|0|42.7849884|||||||||||||
1537271591822|ene7|5.891308784|0|42.7849884|||||||||||||
1537271591894|ene2|5.888244629|0|42.25876617|||||||||||||
1537271592029|ene2|5.888244629|0|42.24762344|||||||||||||
1537271592048|mes10_plcManual||||f|t|t|f|t|f|0|0|8|||0|0
1537271592085|mes10_plcManual||||f|t|t|f|t|f|0|0|8|||0|0
1537271592122|ene5|5.863122463|0|11.90225315|||||||||||||
1537271592127|ene6|5.950585842|0|76.13022614|||||||||||||
1537271592190|ene5|5.863122463|0|11.64339352|||||||||||||
1537271592279|ene3|5.946386814|0|46.34843445|||||||||||||
1537271592365|ene1|5.92302227|0|65.64367676|||||||||||||
1537271592410|ene3|5.946386814|0|46.28908539|||||||||||||
1537271592472|ene1|5.92302227|1.264298797|65.64367676|||||||||||||
1537271592505|ene1|5.92302227|1.264298797|60.17057037|||||||||||||
1537271592514|mes10_plcManual||||t|f|t|f|t|f|0|0|2|||510|1211
1537271595521|mes10_plcManual||||t|f|t|f|f|f|0|0|2|||510|1211
1537271595659|ene8|5.906384468|0.344564557|41.14809036|||||||||||||
1537271595667|ene8|5.926367283|0|41.14809036|||||||||||||
1537271595678|ene8|5.926367283|0.344564557|41.14809036|||||||||||||
1537271595830|ene7|5.886267185|0|42.7849884|||||||||||||
1537271595859|ene7|5.886267185|0|42.85309601|||||||||||||
1537271595961|ene2|5.888159275|0|42.19522095|||||||||||||
1537271595970|ene2|5.888244629|0|42.19522095|||||||||||||
1537271596034|ene6|5.950585842|0|76.3130722|||||||||||||
1537271596108|ene5|5.863122463|1.033876657|11.43768215|||||||||||||
1537271596112|ene6|5.906225681|0.34139052|76.31307221|||||||||||||
1537271596113|ene5|5.863122463|1.033876657|11.64339352|||||||||||||
1537271596119|ene6|5.950585842|0.34139052|76.31307221|||||||||||||
1537271596129|ene5|5.818066597|1.033876657|11.43768215|||||||||||||
1537271596161|ene3|5.946386814|0|46.25059891|||||||||||||
1537271596210|ene3|5.946386814|0.319355458|46.25059891|||||||||||||
1537271596278|ene3|5.902173042|0.319355458|46.25059891|||||||||||||
1537271596316|ene1|5.92302227|1.264298797|55.52190781|||||||||||||
1537271596336|ene1|5.92302227|1.207960248|55.52190781|||||||||||||
1537271596349|ene1|5.880981445|1.207960248|55.52190781|||||||||||||
1537271596638|ene8|5.906384468|0.344564557|41.19674301|||||||||||||
1537271596686|ene8|5.906384468|0.42843163|41.19674301|||||||||||||
1537271596767|ene8|5.87401104|0.42843163|41.19674301|||||||||||||
1537271596953|ene2|5.888159275|0|42.33649826|||||||||||||
1537271596965|ene7|5.860595703|0|42.85309601|||||||||||||
1537271596977|ene2|5.887634277|0|42.33649826|||||||||||||
1537271596999|ene7|5.860595703|0|42.82459641|||||||||||||
1537271597086|ene5|5.820385933|1.033876657|11.65754128|||||||||||||
1537271597089|ene6|5.905847073|0|76.31307221|||||||||||||
1537271597105|ene5|5.818066597|1.033876657|11.65754128|||||||||||||
1537271597106|ene6|5.906225681|0|76.31307221|||||||||||||
1537271597125|ene6|5.905847073|0|76.2405014|||||||||||||
1537271597183|ene3|5.908105373|0.319355458|46.25059891|||||||||||||
1537271597194|ene5|5.820385933|1.264115334|11.65754128|||||||||||||
1537271597232|ene3|5.908105373|0.319355458|46.48360443|||||||||||||
1537271597277|ene3|5.908105373|0|46.48360443|||||||||||||
1537271597281|ene1|5.880981445|0|55.52190781|||||||||||||
1537271597298|ene1|5.899060249|0|55.52190781|||||||||||||
1537271597328|ene1|5.899060249|0|55.00622177|||||||||||||
1537271597485|mes10_plcManual||||t|f|t|f|f|f|0|0|2|||510|1211
1537271597565|ene8|5.87401104|0.42843163|41.35194016|||||||||||||
1537271597586|ene8|5.87401104|0|41.35194016|||||||||||||
1537271597606|ene8|5.89362812|0|41.35194016|||||||||||||
1537271597871|ene7|5.861498833|0|42.6399231|||||||||||||
1537271597872|ene7|5.860595703|0|42.6399231|||||||||||||
1537271597977|ene2|5.887390137|0|42.18738937|||||||||||||
1537271597978|ene2|5.887634277|0|42.18738937|||||||||||||
1537271598064|ene5|5.837988377|1.264115334|11.65754128|||||||||||||
1537271598077|ene6|5.924120903|0|76.2405014|||||||||||||
1537271598155|ene5|5.837988377|0.843740284|11.65754128|||||||||||||
1537271598161|ene5|5.837988377|0.843740284|11.6722374|||||||||||||
1537271598163|ene6|5.924120903|0|76.1556778|||||||||||||
1537271598173|ene3|5.924951077|0|46.48360443|||||||||||||
1537271598287|ene3|5.924951077|0|46.45972061|||||||||||||
1537271598367|ene1|5.915100098|0|55.00622177|||||||||||||
1537271598383|ene1|5.915100098|0|54.43690109|||||||||||||
1537271598406|mes20_plcMagazineFront||||f|f|t|t|f|f|0|0|4|||0|0
1537271598579|ene8|5.907055855|0|41.35194016|||||||||||||
1537271598624|ene8|5.907055855|0|41.19668961|||||||||||||
1537271598851|ene7|5.861498833|0|42.92536545|||||||||||||
1537271598905|ene7|5.872961521|0|42.92536545|||||||||||||
1537271598965|ene2|5.887390137|0|42.97968674|||||||||||||
1537271598985|mes10_plcManual||||f|f|t|f|f|t|0|0|2|||510|1211
1537271599059|ene6|5.924120903|0|75.89974213|||||||||||||
1537271599075|ene5|5.837988377|0.633217454|11.6722374|||||||||||||
1537271599084|ene5|5.837988377|0.633217454|11.60873413|||||||||||||
1537271599143|ene5|5.848584175|0.633217454|11.60873413|||||||||||||
1537271599143|ene6|5.935351372|0|75.89974213|||||||||||||
1537271599233|ene3|5.935229301|0|46.216465|||||||||||||
1537271599238|ene3|5.935229301|0|46.45972061|||||||||||||
1537271599264|ene1|5.915100098|0|54.25543976|||||||||||||
1537271599306|ene1|5.924987793|0|54.25543976|||||||||||||
1537271599609|ene8|5.907055855|0|41.13523865|||||||||||||
1537271599619|ene8|5.915344238|0|41.13523865|||||||||||||
1537271599780|mes20_plcMagazineFront||||f|f|t|f|f|f|0|0|4|||0|0
1537271600218|ene2|5.651904106|0.354819059|45.16239929|||||||||||||
1537271600244|ene2|5.804491997|0.354819059|45.16239929|||||||||||||
1537271600261|ene7|5.799926758|0|42.72361755|||||||||||||
1537271600364|ene7|5.871679783|0|42.69155121|||||||||||||
1537271600481|ene2|5.867016792|0|54.56284332|||||||||||||
1537271600482|ene2|5.881066799|0|54.56284332|||||||||||||
1537271600572|ene5|5.832849026|0.761643231|11.83909035|||||||||||||
1537271600578|ene5|5.832849026|1.075443983|11.83909035|||||||||||||
1537271600581|ene5|5.845092773|0.761643231|11.83909035|||||||||||||
1537271600690|ene6|5.932043552|0|76.20081329|||||||||||||
1537271600713|ene6|5.932043552|0|76.11363983|||||||||||||
1537271600746|ene3|5.931005955|0|46.37176132|||||||||||||
1537271600812|ene3|5.931005955|0|46.3712616|||||||||||||
1537271600880|mes20_plcMagazineFront||||t|t|t|f|f|f|2257|1|2|||122|210
1537271600883|ene1|5.917993069|0|43.98191834|||||||||||||
1537271600891|mes20_plcMagazineFront||||t|t|t|f|t|f|2257|1|2|||122|210
1537271600899|mes20_plcMagazineFront||||t|t|t|f|f|f|2257|1|2|||122|210
1537271600911|ene1|5.917993069|0|44.10079193|||||||||||||
1537271601063|ene8|5.902563572|0.301043719|41.22167587|||||||||||||
1537271601116|ene8|5.900903225|0.301043719|41.22167587|||||||||||||
1537271601144|ene8|5.900903225|0.301043719|41.27692795|||||||||||||
1537271607076|mes20_plcMagazineFront||||t|f|t|f|f|f|2257|1|2|||122|210
1537271607124|ene7|5.871679783|0|42.78234863|||||||||||||
1537271607173|ene7|5.873364449|0|42.78234863|||||||||||||
1537271607299|ene2|5.881066799|1.796557188|54.56284332|||||||||||||
1537271607329|ene2|5.747900486|1.796557188|54.56284332|||||||||||||
1537271607382|ene5|5.822339058|0.761643231|11.83909035|||||||||||||
1537271607410|ene6|5.91066885|0|76.20081329|||||||||||||
1537271607425|ene2|5.747900486|1.796557188|54.30535126|||||||||||||
1537271607519|ene6|5.91066885|0|75.88915253|||||||||||||
1537271607553|ene5|5.822339058|1.038332462|11.6300478|||||||||||||
1537271607565|ene3|5.904272556|0|46.3712616|||||||||||||
1537271607567|ene5|5.822339058|1.038332462|11.83909035|||||||||||||
1537271607615|ene1|5.890222073|0|44.10079193|||||||||||||
1537271607626|ene3|5.904272556|0|46.57739258|||||||||||||
1537271607634|ene1|5.890222073|0|44.14605331|||||||||||||
1537271607865|ene8|5.900903225|0.301043719|41.17768097|||||||||||||
1537271607942|ene8|5.873925686|0.301715106|41.17768097|||||||||||||
1537271607962|ene8|5.900903225|0.301715106|41.17768097|||||||||||||
1537271608113|ene7|5.873364449|0|43.00439072|||||||||||||
1537271608131|ene7|5.850781441|0|43.00439072|||||||||||||
1537271608274|ene2|5.747900486|1.796557188|53.78651047|||||||||||||
1537271608290|ene2|5.747900486|0.513397992|53.78651047|||||||||||||
1537271608354|ene2|5.811669827|0.513397992|53.78651047|||||||||||||
1537271608367|ene5|5.822339058|1.038332462|11.44057941|||||||||||||
1537271608440|ene5|5.822339058|1.387474537|11.44057941|||||||||||||
1537271608499|ene3|5.904272556|0|46.38793564|||||||||||||
1537271608502|ene6|5.900195122|0|75.88915253|||||||||||||
1537271608541|ene6|5.900195122|0|75.88567352|||||||||||||
1537271608577|ene5|5.813806057|1.387474537|11.44057941|||||||||||||
1537271608586|ene3|5.901330471|0|46.38793564|||||||||||||
1537271608630|ene1|5.890222073|0|44.21090317|||||||||||||
1537271608637|ene1|5.891283989|0|44.21090317|||||||||||||
1537271608856|ene8|5.873925686|0|41.17768097|||||||||||||
1537271608932|ene8|5.885839939|0|41.17768097|||||||||||||
1537271608947|ene8|5.885839939|0|41.42274857|||||||||||||
1537271609112|mes20_plcMagazineFront||||f|f|t|f|f|t|2257|1|2|||122|210
1537271609121|ene7|5.856176853|0|43.00439072|||||||||||||
1537271609169|ene7|5.856176853|0|42.97874069|||||||||||||
1537271609248|ene2|5.859753609|0.513397992|53.00165176|||||||||||||
1537271609255|ene2|5.859753609|0.513397992|53.78651047|||||||||||||
1537271609305|ene2|5.859753609|0|53.00165176|||||||||||||
1537271609357|ene6|5.917956352|0|75.88567352|||||||||||||
1537271609383|ene6|5.917956352|0|76.24234009|||||||||||||
1537271609446|ene5|5.83151865|1.387474537|11.44057941|||||||||||||
1537271609463|ene5|5.83151865|1.387474537|11.50206661|||||||||||||
1537271609464|ene5|5.83151865|1.064518094|11.50206661|||||||||||||
1537271609572|ene3|5.918310642|0|46.2973938|||||||||||||
1537271609575|ene3|5.901330471|0|46.2973938|||||||||||||
1537271609586|ene1|5.908923149|0|44.21090317|||||||||||||
1537271609601|mes30_plcDrillingCPS||||f|f|t|t|f|f|0|0|4|||0|0
1537271609656|ene1|5.908923149|0|44.10094833|||||||||||||
1537271609858|ene8|5.901074409|0|41.42274857|||||||||||||
1537271609928|ene8|5.901074409|0|41.38583374|||||||||||||
1537271610090|ene7|5.856176853|0|42.67544556|||||||||||||
1537271610151|ene7|5.87019062|0|42.67544556|||||||||||||
1537271610294|ene2|5.87650156|0|53.00165176|||||||||||||
1537271610416|ene5|5.83151865|0.776047945|11.50206661|||||||||||||
1537271610427|ene6|5.930737495|0|76.05918121|||||||||||||
1537271610428|ene6|5.917956352|0|76.05918121|||||||||||||
1537271610437|ene2|5.87650156|0|52.57607269|||||||||||||
1537271610447|ene5|5.843994141|0.776047945|11.50206661|||||||||||||
1537271610452|ene5|5.843994141|0.776047945|11.67172146|||||||||||||
1537271610515|ene3|5.930883884|0|46.2973938|||||||||||||
1537271610549|ene3|5.930883884|0|48.76885223|||||||||||||
1537271610684|mes20_plcMagazineFront||||f|f|t|f|f|f|2257|1|2|||122|210
1537271610739|ene3|5.777319431|3.777147293|55.12261581|||||||||||||
1537271610775|ene3|5.777319431|2.666055679|55.12261581|||||||||||||
1537271610813|ene3|5.827807426|2.666055679|55.12261581|||||||||||||
1537271610835|ene1|5.825073242|0|44.34814835|||||||||||||
1537271610854|ene1|5.825073242|0|44.24311447|||||||||||||
1537271611058|ene8|5.802783012|0.338460565|41.3587265|||||||||||||
1537271611089|ene8|5.802783012|0.338460565|41.4454689|||||||||||||
1537271611138|ene8|5.802783012|0.32960999|41.4454689|||||||||||||
1537271611366|ene7|5.763964653|0|43.09575653|||||||||||||
1537271611381|ene7|5.767358303|0|43.09575653|||||||||||||
1537271611443|ene2|5.832959175|0|42.66118622|||||||||||||
1537271611513|ene2|5.832959175|0|42.67625046|||||||||||||
1537271611576|ene6|5.835461617|0.309284031|75.89686585|||||||||||||
1537271611586|ene6|5.835461617|0.309284031|76.17140961|||||||||||||
1537271611608|ene6|5.786987305|0.309284031|76.17140961|||||||||||||
1537271611634|ene5|5.751330376|3.64731741|12.21073532|||||||||||||
1537271611729|ene3|5.827807426|6.391564369|55.14932251|||||||||||||
1537271611737|ene3|5.827807426|2.666055679|55.14932251|||||||||||||
1537271611821|ene3|5.765014648|6.391564369|55.14932251|||||||||||||
1537271611831|mes30_plcDrillingCPS||||t|t|f|f|t|f|2257|1|2|||122|210
1537271611844|ene1|5.768322945|0|44.24311447|||||||||||||
1537271611844|ene5|5.703649998|4.958982468|12.21073532|||||||||||||
1537271611845|ene5|5.703649998|3.64731741|12.21073532|||||||||||||
1537271611892|ene1|5.768322945|0.305682778|44.24311447|||||||||||||
1537271611923|mes30_plcDrillingCPS||||t|t|f|f|t|f|2257|1|2|||301|210
1537271611934|ene1|5.768322945|0.305682778|44.09502029|||||||||||||
1537271612099|ene8|5.802783012|0.336690485|41.4454689|||||||||||||
1537271612133|ene8|5.761865139|0.336690485|41.4454689|||||||||||||
1537271612195|ene8|5.761865139|0.336690485|41.37384796|||||||||||||
1537271612322|ene7|5.746630669|0|43.09575653|||||||||||||
1537271612342|ene7|5.746630669|0.307147771|42.93632507|||||||||||||
1537271612359|ene7|5.746630669|0|42.93632507|||||||||||||
1537271612444|ene2|5.832959175|0|42.72257233|||||||||||||
1537271612582|ene6|5.786987305|0.309284031|76.40879059|||||||||||||
1537271612623|ene6|5.824389458|0|76.40879059|||||||||||||
1537271612624|ene6|5.824389458|0.309284031|76.40879059|||||||||||||
1537271612627|ene5|5.741613865|4.958982468|12.23810673|||||||||||||
1537271612633|ene2|5.794189453|0|42.72257233|||||||||||||
1537271612645|ene5|5.741613865|4.217969894|12.23810673|||||||||||||
1537271612664|ene5|5.741613865|4.958982468|12.21073532|||||||||||||
1537271612719|ene3|5.832726955|6.391564369|55.14932251|||||||||||||
1537271612744|ene3|5.832726955|0.669962645|55.14932251|||||||||||||
1537271612778|ene1|5.768322945|0|44.00392151|||||||||||||
1537271612780|ene3|5.832726955|0.669962645|53.15395355|||||||||||||
1537271612783|ene1|5.768322945|0|44.09502029|||||||||||||
1537271612875|ene1|5.831347466|0|44.00392151|||||||||||||
1537271613088|ene8|5.761865139|0|41.37384796|||||||||||||
1537271613127|ene8|5.837622166|0|41.22789383|||||||||||||
1537271613128|ene8|5.761865139|0|41.22789383|||||||||||||
1537271613296|ene7|5.746630669|0.307147771|42.88769531|||||||||||||
1537271613355|ene7|5.746630669|0|42.88769531|||||||||||||
1537271613398|ene7|5.81679678|0|42.88769531|||||||||||||
1537271613454|ene2|5.794189453|0|42.71824265|||||||||||||
1537271613522|ene2|5.824084282|0|42.71824265|||||||||||||
1537271613559|ene6|5.882958889|0|76.40879059|||||||||||||
1537271613636|ene5|5.741613865|2.242263079|12.23810673|||||||||||||
1537271613688|ene5|5.798925877|2.242263079|12.19466019|||||||||||||
1537271613690|ene6|5.882958889|0|76.13902283|||||||||||||
1537271613713|ene5|5.798925877|2.242263079|12.23810673|||||||||||||
1537271613750|ene3|5.832726955|0.341573596|53.15395355|||||||||||||
1537271613792|ene3|5.887048244|0.341573596|55.78436661|||||||||||||
1537271613812|ene3|5.887048244|0.341573596|53.15395355|||||||||||||
1537271613831|ene1|5.879455566|0|44.00392151|||||||||||||
1537271613906|ene1|5.879455566|0|44.00802231|||||||||||||
1537271614074|ene8|5.837622166|0|41.35837936|||||||||||||
1537271614183|ene8|5.876172066|0|41.35837936|||||||||||||
1537271614423|ene7|5.845837593|0|42.88153839|||||||||||||
1537271614500|ene7|5.81679678|0|42.88153839|||||||||||||
1537271614524|ene2|5.849707127|0|42.86972046|||||||||||||
1537271614569|ene2|5.849707127|0|42.71824265|||||||||||||
1537271614605|ene5|5.80949688|2.242263079|12.19466019|||||||||||||
1537271614784|ene5|5.80949688|2.242263079|12.08442116|||||||||||||
1537271614785|ene6|5.896044731|0|75.9478302|||||||||||||
1537271614786|ene3|5.886694431|0.341573596|57.93738937|||||||||||||
1537271614787|ene6|5.882958889|0|75.9478302|||||||||||||
1537271614793|ene3|5.887048244|0.341573596|57.93738937|||||||||||||
1537271614794|ene5|5.80949688|1.781541705|12.08442116|||||||||||||
1537271614877|ene1|5.879455566|0|43.99916077|||||||||||||
1537271614886|ene3|5.886694431|1.49209547|57.93738937|||||||||||||
1537271614931|mes30_plcDrillingCPS||||t|f|f|f|t|f|2257|1|2|||301|210
1537271614965|mes30_plcDrillingCPS||||t|f|f|f|t|f|2257|1|2|||301|210
1537271615000|ene1|5.878222466|0|43.99916077|||||||||||||
1537271619030|mes30_plcDrillingCPS||||t|f|t|f|f|f|2257|1|2|||301|210
1537271619069|ene8|5.876172066|0.311908692|41.35837936|||||||||||||
1537271619078|ene8|5.857141018|0.311908692|41.35837936|||||||||||||
1537271619128|ene8|5.857141018|0.311908692|41.23878098|||||||||||||
1537271619311|ene7|5.832568169|0|42.88153839|||||||||||||
1537271619344|ene7|5.832568169|0|42.91646576|||||||||||||
1537271619395|ene2|5.849707127|0|42.85520554|||||||||||||
1537271619464|ene2|5.853857517|0|42.85520554|||||||||||||
1537271619538|ene6|5.883947849|0|75.9478302|||||||||||||
1537271619541|ene6|5.883947849|0|76.10904694|||||||||||||
1537271619563|ene5|5.80949688|2.039125681|12.08442116|||||||||||||
1537271619615|ene5|5.797753811|2.039125681|12.08442116|||||||||||||
1537271619623|ene5|5.797753811|2.039125681|11.90614223|||||||||||||
1537271619712|ene3|5.886694431|1.502716422|57.93738937|||||||||||||
1537271619785|ene3|5.880639553|1.502716422|57.93738937|||||||||||||
1537271619847|ene3|5.880639553|1.502716422|57.93781281|||||||||||||
1537271619873|ene1|5.878222466|0|44.04218674|||||||||||||
1537271619909|ene1|5.876233101|0|44.04218674|||||||||||||
1537271620077|ene8|5.857141018|0.311908692|41.09575272|||||||||||||
1537271620226|ene8|5.876111031|0.311908692|41.09575272|||||||||||||
1537271620264|ene8|5.876111031|0|41.09575272|||||||||||||
1537271620391|ene7|5.848815918|0|42.84130859|||||||||||||
1537271620425|ene7|5.848815918|0|42.91646576|||||||||||||
1537271620479|ene2|5.860302925|0|42.85520554|||||||||||||
1537271620502|ene2|5.860302925|0|42.77940369|||||||||||||
1537271620545|ene5|5.82598877|1.411951423|11.90614224|||||||||||||
1537271620548|ene5|5.82598877|2.039125681|11.90614224|||||||||||||
1537271620594|ene5|5.82598877|1.411951423|11.65521812|||||||||||||
1537271620648|ene3|5.880639553|0|57.93781281|||||||||||||
1537271620691|ene3|5.880639553|0|57.46559906|||||||||||||
1537271620727|ene3|5.914013863|0|57.46559906|||||||||||||
1537271620753|mes30_plcDrillingCPS||||f|f|t|f|f|t|2257|1|2|||301|210
1537271620821|ene1|5.876233101|0|44.15536118|||||||||||||
1537271620864|ene1|5.904699802|0|44.15536118|||||||||||||
1537271621095|ene8|5.876111031|0|41.10843277|||||||||||||
1537271621119|ene8|5.89907217|0|41.10843277|||||||||||||
1537271621145|ene6|5.912841797|0|76.16055298|||||||||||||
1537271621174|ene6|5.912841797|0|76.10904694|||||||||||||
1537271621319|ene7|5.869555473|0|42.84130859|||||||||||||
1537271621366|ene7|5.869555473|0|42.71292877|||||||||||||
1537271621457|ene2|5.860302925|0|42.77770996|||||||||||||
1537271621500|ene2|5.871984959|0|42.77770996|||||||||||||
1537271621601|ene6|5.930127144|0|76.16055298|||||||||||||
1537271621672|ene6|5.930127144|0|76.12429047|||||||||||||
1537271621681|ene5|5.82598877|0.911493659|11.65521812|||||||||||||
1537271621686|ene5|5.843457222|0.911493659|11.65521812|||||||||||||
1537271621736|ene3|5.93067646|0|57.46559906|||||||||||||
1537271621744|ene3|5.93067646|0|56.86673355|||||||||||||
1537271621799|ene5|5.843457222|0.911493659|11.91160488|||||||||||||
1537271621848|ene1|5.920605659|0|44.15536118|||||||||||||
1537271621875|ene1|5.920605659|0|43.98423386|||||||||||||
1537271622111|ene8|5.89907217|0|41.40403748|||||||||||||
1537271622140|ene8|5.912268162|0|41.40403748|||||||||||||
1537271622263|mes30_plcDrillingCPS||||f|f|t|f|f|f|2257|1|2|||301|210
1537271622345|ene7|5.881518364|0|42.66347122|||||||||||||
1537271622347|ene7|5.869555473|0|42.66347122|||||||||||||
1537271622457|ene2|5.871984959|0|42.66863251|||||||||||||
1537271622552|ene2|5.881323338|0|42.66863251|||||||||||||
1537271622663|ene5|5.853796482|0.667399049|11.88206673|||||||||||||
1537271622669|ene6|5.930127144|0|76.06443787|||||||||||||
1537271622678|ene5|5.843457222|0.667399049|11.88206673|||||||||||||
1537271622679|ene6|5.94089365|0|76.06443787|||||||||||||
1537271622735|ene5|5.843457222|0.667399049|11.91160488|||||||||||||
1537271622801|ene3|5.940368652|0|56.69893646|||||||||||||
1537271622829|ene1|5.929992676|0|43.967453|||||||||||||
1537271622859|ene1|5.920605659|0|43.967453|||||||||||||
1537271622862|ene3|5.93067646|0|56.69893646|||||||||||||
1537271623105|ene8|5.920800686|0|41.40403748|||||||||||||
1537271623115|ene8|5.920800686|0|41.30665207|||||||||||||
1537271623306|ene7|5.881518364|0|42.75276184|||||||||||||
1537271623312|ene7|5.888952732|0|42.75276184|||||||||||||
1537271623389|ene2|5.888146877|0|42.66863251|||||||||||||
1537271623497|ene2|5.888146877|0|42.50533676|||||||||||||
1537271623723|ene5|5.872851372|0|11.77018547|||||||||||||
1537271623737|ene6|5.960400581|0|77.3050766|||||||||||||
1537271623771|ene3|5.958837986|0|46.57302094|||||||||||||
1537271623826|ene3|5.959228516|0|46.57302094|||||||||||||
1537271623832|ene1|5.948571682|0|43.90609741|||||||||||||
1537271623846|ene1|5.948657036|0|43.90609741|||||||||||||
1537271623900|mes50_plcRobotAssembly||||f|f|t|||f|2256|3|8|||301|210
1537271623901|mes50_plcRobotAssembly||||t|t|f|||f|2256|3|8|||301|210
1537271623905|mes50_plcRobotAssembly||||t|t|t|||f|2256|3|8|||301|210
1537271624120|ene8|5.936205864|0|41.27806473|||||||||||||
1537271624153|ene8|5.936364651|0|41.27806473|||||||||||||
1537271624307|ene7|5.903442383|0|42.87038422|||||||||||||
1537271624312|ene7|5.903515816|0|42.87038422|||||||||||||
1537271624393|mes50_plcRobotAssembly||||t|t|t|||f|2256|3|8|||301|210
1537271624426|mes50_plcRobotAssembly||||t|t|t|||f|2256|3|8|||301|210
1537271624581|ene2|5.910400391|0|42.61450577|||||||||||||
1537271624617|ene2|5.910400391|0|42.68887711|||||||||||||
1537271624624|ene6|5.960412502|0|77.3050766|||||||||||||
1537271624639|ene6|5.960412502|0|77.06393433|||||||||||||
1537271624646|ene5|5.872851372|0.333150208|11.77018547|||||||||||||
1537271624729|ene5|5.872851372|0.333150208|11.51140594|||||||||||||
1537271624737|ene5|5.867077827|0.333150208|11.51140595|||||||||||||
1537271624762|ene3|5.954492092|0|46.571064|||||||||||||
1537271624780|ene3|5.959228516|0|46.571064|||||||||||||
1537271624784|ene1|5.948657036|0.305438608|43.90609741|||||||||||||
1537271624796|ene1|5.936828613|0.305438608|43.90609741|||||||||||||
1537271624855|ene1|5.936828613|0.305438608|44.06744766|||||||||||||
1537271625090|ene8|5.909704685|0|41.27806473|||||||||||||
1537271625092|ene8|5.909704685|0.359824091|41.13105011|||||||||||||
1537271625094|ene8|5.909704685|0.359824091|41.27806473|||||||||||||
1537271625397|ene7|5.903442383|0|42.86883163|||||||||||||
1537271626581|ene2|5.910400391|0|42.61450577|||||||||||||
1537271626617|ene2|5.910400391|0|42.68887711|||||||||||||
1537271626624|ene6|5.960412502|0|77.3050766|||||||||||||
1537271626639|ene6|5.960412502|0|77.06393433|||||||||||||
1537271626646|ene5|5.872851372|0.333150208|11.77018547|||||||||||||
1537271626729|ene5|5.872851372|0.333150208|11.51140594|||||||||||||
1537271626737|ene5|5.867077827|0.333150208|11.51140595|||||||||||||
1537271626762|ene3|5.954492092|0|46.571064|||||||||||||
1537271626780|ene3|5.959228516|0|46.571064|||||||||||||
1537271626784|ene1|5.948657036|0.305438608|43.90609741|||||||||||||
1537271626796|ene1|5.936828613|0.305438608|43.90609741|||||||||||||
1537271626855|ene1|5.936828613|0.305438608|44.06744766|||||||||||||
1537271627090|ene8|5.909704685|0|41.27806473|||||||||||||
1537271627092|ene8|5.909704685|0.359824091|41.13105011|||||||||||||
1537271627094|ene8|5.909704685|0.359824091|41.27806473|||||||||||||
1537271627397|ene7|5.903442383|0|42.86883163|||||||||||||
1537271629729|ene5|5.872851372|0.333150208|11.51140594|||||||||||||
1537271629737|ene5|5.867077827|0.333150208|11.51140595|||||||||||||
1537271629762|ene3|5.954492092|0|46.571064|||||||||||||
1537271629780|ene3|5.959228516|0|46.571064|||||||||||||
1537271629784|ene1|5.948657036|0.305438608|43.90609741|||||||||||||
1537271629796|ene1|5.936828613|0.305438608|43.90609741|||||||||||||
1537271629855|ene1|5.936828613|0.305438608|44.06744766|||||||||||||
1537271630090|ene8|5.909704685|0|41.27806473|||||||||||||
1537271630092|ene8|5.909704685|0.359824091|41.13105011|||||||||||||
1537271630094|ene8|5.909704685|0.359824091|41.27806473|||||||||||||
1537271630397|ene7|5.903442383|0|42.86883163|||||||||||||
1537271631729|ene5|5.877077827|0.333150208|11.60592976|||||||||||||
1537271633729|ene5|5.867077827|0.333150208|11.70592976|||||||||||||
1537271635397|mes50_plcRobotAssembly||||f|f|t|||t|2257|1|2|||301|210
1537271635467|ene7|5.893286228|0|42.86883164|||||||||||||
1537271635469|ene2|5.910143852|0|42.61450577|||||||||||||
1537271635582|ene5|5.867077827|0.333150208|11.70592976|||||||||||||
1537271635636|ene2|5.910143852|0|42.80726242|||||||||||||
1537271635650|ene6|5.906115532|0|77.06393433|||||||||||||
1537271635683|mes60_plcCameraInspection||||f|t|t|f|t|f|2257|0|2|||0|0
1537271635764|ene6|5.960656643|0|88.77462769|||||||||||||
1537271635804|ene3|5.959387302|0|46.61299896|||||||||||||
1537271635873|ene1|5.948791504|0|44.13106537|||||||||||||
1537271635925|ene3|5.959301949|0|46.61299896|||||||||||||
1537271635928|ene1|5.948632717|0|44.13106537|||||||||||||
1537271635941|ene8|5.936413765|0|41.11606979|||||||||||||
1537271636174|ene8|5.936279297|0|41.11606979|||||||||||||
1537271636204|ene7|5.903124809|0|42.88843155|||||||||||||
1537271636413|ene7|5.903198242|0|42.88843155|||||||||||||
1537271636433|ene2|5.909448147|0|42.88240051|||||||||||||
1537271636584|ene2|5.909448147|0|42.74657059|||||||||||||
1537271636625|ene6|5.960388184|0|88.19000244|||||||||||||
1537271636771|ene5|5.87286377|0|11.90881443|||||||||||||
1537271636780|mes60_plcCameraInspection||||t|t|f|f|t|f|2257|1|2|||401|210
1537271636789|ene3|5.959143162|0|46.62654114|||||||||||||
1537271636885|ene5|5.872704983|0|11.90881443|||||||||||||
1537271636931|ene3|5.959301949|0|46.62654114|||||||||||||
1537271636962|ene6|5.960375786|0|88.19000244|||||||||||||
1537271636967|ene1|5.948632717|0|44.28038406|||||||||||||
1537271636969|mes60_plcCameraInspection||||t|t|f|f|t|f|2257|1|2|||401|210
1537271636973|ene1|5.948620796|0|44.28038406|||||||||||||
1537271637041|ene8|5.936279297|0|41.29163742|||||||||||||
1537271637225|ene8|5.936254978|0|41.29163742|||||||||||||
1537271637246|ene7|5.902893066|0|42.88843155|||||||||||||
1537271637385|ene7|5.902893066|0|42.6522789|||||||||||||
1537271637497|ene2|5.909899712|0|42.74657059|||||||||||||
1537271637608|ene2|5.909899712|0|42.67598724|||||||||||||
1537271637609|ene5|5.872704983|0|11.84837246|||||||||||||
1537271637660|ene6|5.960375786|0|88.329216|||||||||||||
1537271637719|ene6|5.960253716|0|88.329216|||||||||||||
1537271637742|ene5|5.87247324|0|11.84837246|||||||||||||
1537271637783|ene3|5.959143162|0|46.75380707|||||||||||||
1537271637815|ene1|5.948498726|0|44.28038406|||||||||||||
1537271637905|ene3|5.959021091|0|46.75380707|||||||||||||
1537271637910|ene1|5.948498726|0|44.198246|||||||||||||
1537271637914|ene8|5.936254978|0|41.17900848|||||||||||||
1537271638159|ene8|5.936218262|0|41.17900848|||||||||||||
1537271638250|ene7|5.902893066|0|42.77630997|||||||||||||
1537271638450|ene7|5.902758598|0|42.77630997|||||||||||||
1537271638469|ene2|5.909899712|0|42.69904327|||||||||||||
1537271638576|ene6|5.960253716|0|88.26197052|||||||||||||
1537271638659|ene2|5.910351753|0|42.69904327|||||||||||||
1537271638681|ene5|5.872436523|0|11.84837246|||||||||||||
1537271638725|ene6|5.960107327|0|88.26197052|||||||||||||
1537271638749|ene5|5.872436523|0|11.98108768|||||||||||||
1537271638758|ene3|5.957397461|0|46.72335053|||||||||||||
1537271638802|ene3|5.959021091|0|46.72335052|||||||||||||
1537271638812|ene1|5.948498726|0|44.09113312|||||||||||||
1537271638899|ene1|5.948498726|0.302814066|44.09113312|||||||||||||
1537271638912|ene1|5.942712307|0.302814066|44.09113312|||||||||||||
1537271638928|mes60_plcCameraInspection||||t|t|t|f|t|f|2257|1|2|||200|210
1537271639097|mes60_plcCameraInspection||||t|t|t|f|t|f|2257|1|2|||200|210
1537271639146|mes60_plcCameraInspection||||t|t|t|f|f|f|2257|1|2|||200|210
1537271639148|mes60_plcCameraInspection||||t|f|t|f|f|f|2257|1|2|||200|210
1537271639162|ene8|5.91848135|0|41.17900848|||||||||||||
1537271639250|ene8|5.91848135|0.361350209|41.17900848|||||||||||||
1537271639278|ene8|5.91848135|0.361350209|41.22697449|||||||||||||
1537271639326|ene7|5.897204399|0|42.77630997|||||||||||||
1537271639418|ene7|5.897204399|0|42.87454605|||||||||||||
1537271639519|ene2|5.910510063|0|42.69904327|||||||||||||
1537271639547|ene2|5.910510063|0|42.6833992|||||||||||||
1537271639605|ene5|5.872436523|0|11.84044456|||||||||||||
1537271639677|ene6|5.900000095|0|88.26197052|||||||||||||
1537271639765|ene6|5.900000095|2.161143541|88.41043854|||||||||||||
1537271639774|ene6|5.900000095|2.161143541|88.26197052|||||||||||||
1537271639776|ene5|5.833630562|0.823475659|11.84044457|||||||||||||
1537271639902|ene1|5.942712307|0.302814066|43.93340683|||||||||||||
1537271639973|ene5|5.833630562|0|11.84044457|||||||||||||
1537271640075|ene1|5.899841309|0.307574987|43.93340683|||||||||||||
1537271640127|ene3|5.913403511|0.339376092|46.55521393|||||||||||||
1537271640127|ene1|5.942712307|0.307574987|43.93340683|||||||||||||
1537271640144|ene3|5.913403511|0|46.55521393|||||||||||||
1537271640271|ene3|5.957397461|0|46.55521393|||||||||||||
1537271640281|ene8|5.91848135|0.361350209|41.47024918|||||||||||||
1537271640450|ene8|5.882629395|0.364218891|41.47024918|||||||||||||
1537271640487|ene8|5.882629395|0.361350209|41.47024918|||||||||||||
1537271640522|ene7|5.870568752|0|42.96866608|||||||||||||
1537271640575|ene7|5.897204399|0|42.96866608|||||||||||||
1537271640646|ene2|5.909301758|0|42.6833992|||||||||||||
1537271640718|ene2|5.909301758|0|42.6328125|||||||||||||
1537271640744|ene6|5.909436226|2.161143541|88.41043854|||||||||||||
1537271640785|ene5|5.833630562|1.212049007|11.84044457|||||||||||||
1537271640788|ene6|5.909436226|2.161143541|88.43222809|||||||||||||
1537271640820|ene5|5.82347393|1.212049007|11.84044457|||||||||||||
1537271640897|ene5|5.82347393|1.212049007|11.90597439|||||||||||||
1537271640909|ene1|5.902905464|0.307574987|43.93340683|||||||||||||
1537271640983|ene3|5.911694527|0|46.52161026|||||||||||||
1537271640984|ene3|5.913403511|0.339376092|46.52161026|||||||||||||
1537271640985|ene3|5.913403511|0|46.52161026|||||||||||||
1537271640987|ene6|5.909436226|0|88.43222809|||||||||||||
1537271640993|ene1|5.902905464|0.307574987|44.02191544|||||||||||||
1537271641041|ene1|5.902905464|0|44.02191544|||||||||||||
1537271641050|mes60_plcCameraInspection||||f|f|t|f|f|t|2257|1|2|||200|210
1537271641154|ene8|5.896508694|0|41.28330612|||||||||||||
1537271641264|ene8|5.882629395|0|41.28330612|||||||||||||
1537271641265|ene7|5.823742867|0.335408628|50.56341934|||||||||||||
1537271641318|ene7|5.855505466|0|50.56341934|||||||||||||
1537271641346|ene7|5.855505466|0.335408628|50.56341934|||||||||||||
1537271641354|ene2|5.901770115|0|42.81150818|||||||||||||
1537271641399|ene2|5.901770115|0|42.73762131|||||||||||||
1537271641418|ene6|5.916064262|0|76.77858734|||||||||||||
1537271641478|ene6|5.916064262|0|77.00183868|||||||||||||
1537271641501|ene5|5.804406643|1.882195115|11.90322304|||||||||||||
1537271641548|ene5|5.830334663|1.882195115|11.90322304|||||||||||||
1537271641594|ene3|5.91784668|0|46.6063385|||||||||||||
1537271641649|ene3|5.89200449|0.310871065|46.6063385|||||||||||||
1537271641666|ene1|5.884155273|0|44.08625412|||||||||||||
1537271641697|ene1|5.908276558|0|44.08625412|||||||||||||
1537271641728|ene5|5.830334663|1.202588201|11.90322304|||||||||||||
1537271641735|ene3|5.89200449|0|46.6063385|||||||||||||
1537271641736|ene8|5.881738186|0|41.40511322|||||||||||||
1537271641933|ene8|5.901330471|0|41.40511322|||||||||||||
1537271641985|ene7|5.855505466|0|54.58671951|||||||||||||
1537271642232|ene7|5.873120308|0|54.58671951|||||||||||||
1537271642236|ene2|5.901770115|0|42.7951889|||||||||||||
1537271642312|ene2|5.901403904|0|42.7951889|||||||||||||
1537271642425|ene6|5.932031155|0|77.00183868|||||||||||||
1537271642522|ene5|5.845361233|0.804309666|11.88211632|||||||||||||
1537271642638|ene5|5.845361233|1.202588201|11.90322304|||||||||||||
1537271642652|ene6|5.932031155|0|76.85790253|||||||||||||
1537271642659|ene5|5.845361233|1.202588201|11.88211632|||||||||||||
1537271642676|ene3|5.91784668|0|46.52597046|||||||||||||
1537271642715|ene1|5.92226553|0|44.08625412|||||||||||||
1537271642762|ene3|5.932238579|0|46.52597046|||||||||||||
1537271642765|mes70_plcMagazineBack||||t|t|f|f|f|f|2257|1|2|||110|210
1537271642885|ene1|5.92226553|0|44.06480789|||||||||||||
1537271642886|mes70_plcMagazineBack||||t|t|f|f|f|f|2257|1|2|||110|210
1537271642912|ene8|5.901330471|0.306781441|41.15377808|||||||||||||
1537271643019|ene8|5.907873631|0.306781441|41.15377808|||||||||||||
1537271643020|ene8|5.901330471|0|41.15377808|||||||||||||
1537271643022|mes70_plcMagazineBack||||t|t|t|f|f|f|2257|1|2|||110|210
1537271643030|ene7|5.840734959|0|54.58671951|||||||||||||
1537271643199|ene7|5.840734959|1.267411709|54.98625565|||||||||||||
1537271643290|ene7|5.840734959|0|54.98625565|||||||||||||
1537271643299|ene2|5.901220798|0|42.7951889|||||||||||||
1537271643316|ene5|5.845361233|0.804309666|11.75334835|||||||||||||
1537271643499|ene2|5.901220798|0|42.84064102|||||||||||||
1537271643500|mes70_plcMagazineBack||||t|f|t|f|f|f|2257|1|2|||110|210
1537271643501|ene6|5.921948433|0.301348954|76.85790253|||||||||||||
1537271643553|ene5|5.834228516|0.804309666|11.75334835|||||||||||||
1537271643579|ene5|5.834228516|0.90770936|11.75334835|||||||||||||
1537271643580|ene6|5.921948433|0|76.85790253|||||||||||||
1537271643627|ene6|5.921948433|0.301348954|76.58674622|||||||||||||
1537271643647|ene3|5.91694355|0|46.53108215|||||||||||||
1537271643719|ene3|5.91694355|0|46.52597046|||||||||||||
1537271643749|ene1|5.92226553|0.302569896|44.06480789|||||||||||||
1537271643754|ene1|5.92226553|0.302569896|44.00648117|||||||||||||
1537271643756|ene1|5.899975777|0.302569896|44.00648117|||||||||||||
1537271643766|ene8|5.907873631|0.309528112|41.15361023|||||||||||||
1537271643976|ene8|5.907873631|0.306781441|41.15361023|||||||||||||
1537271643991|ene8|5.877709866|0.309528112|41.15361023|||||||||||||
1537271643993|ene7|5.840734959|1.267411709|55.13214874|||||||||||||
1537271644244|ene7|5.814318657|1.373191833|55.13214874|||||||||||||
1537271644320|ene2|5.901220798|0|42.69743347|||||||||||||
1537271644339|ene7|5.814318657|1.267411709|55.13214874|||||||||||||
1537271644349|ene2|5.90032959|0|42.69743347|||||||||||||
1537271644439|ene6|5.921948433|0.301348954|76.95687866|||||||||||||
1537271644473|ene5|5.810254097|0.90770936|11.75334835|||||||||||||
1537271644578|ene5|5.810254097|1.48886013|11.75334835|||||||||||||
1537271644635|ene6|5.896691799|0.301348954|76.95687866|||||||||||||
1537271644660|ene3|5.894982815|0|46.53545761|||||||||||||
1537271644728|ene3|5.894982815|0|46.53108215|||||||||||||
1537271644737|ene5|5.810254097|1.48886013|11.93408489|||||||||||||
1537271644787|ene6|5.896691799|0|76.95687866|||||||||||||
1537271644806|ene1|5.88597393|0|43.87213898|||||||||||||
1537271644831|ene1|5.899975777|0|43.87213898|||||||||||||
1537271644850|ene1|5.899975777|0.302569896|43.87213898|||||||||||||
1537271644896|ene8|5.882055759|0.309528112|41.15361023|||||||||||||
1537271644958|ene8|5.882055759|0.309528112|41.15136337|||||||||||||
1537271645036|ene8|5.882055759|0|41.15136337|||||||||||||
1537271645056|ene7|5.814318657|0|55.13214874|||||||||||||
1537271645217|ene7|5.814318657|0|54.22773361|||||||||||||
1537271645237|ene7|5.854418755|0|54.22773361|||||||||||||
1537271645251|ene2|5.899365425|0|42.69743347|||||||||||||
1537271645323|ene2|5.899365425|0|42.80235672|||||||||||||
1537271645409|ene6|5.915795803|0|76.95687866|||||||||||||
1537271645442|ene5|5.810254097|1.165171504|11.93408489|||||||||||||
1537271645471|ene5|5.810254097|1.165171504|11.92899704|||||||||||||
1537271645516|ene6|5.915795803|0|77.11278534|||||||||||||
1537271645558|ene5|5.829760551|1.165171504|11.92899704|||||||||||||
1537271645571|ene3|5.894982815|0|46.70769882|||||||||||||
1537271645613|ene3|5.916845798|0|46.70769882|||||||||||||
1537271645626|ene1|5.907519341|0|43.87213898|||||||||||||
1537271645642|ene1|5.907519341|0|43.99135208|||||||||||||
1537271645712|mes80_plcPress||||f|f|t|t|f|f|0|0|4|||0|0
1537271645837|ene8|5.882055759|0|41.24972534|||||||||||||
1537271645991|ene8|5.901135445|0|41.24972534|||||||||||||
1537271646005|ene7|5.872387886|0|54.22773361|||||||||||||
1537271646181|ene7|5.872387886|0|53.53149796|||||||||||||
1537271646301|ene2|5.899365425|0|42.55724716|||||||||||||
1537271646326|mes70_plcMagazineBack||||t|f|t|f|f|f|2257|1|2|||110|210
1537271648409|mes70_plcMagazineBack||||f|f|t|f|f|t|2257|1|2|||110|210
1537271648418|ene6|5.915795803|0|76.6835556|||||||||||||
1537271648520|ene6|5.931250095|0|76.6835556|||||||||||||
1537271648561|ene5|5.844555855|1.165171504|11.92899704|||||||||||||
1537271648603|ene5|5.844555855|0.80577451|11.92899704|||||||||||||
1537271648622|ene5|5.844555855|0.80577451|11.92513943|||||||||||||
1537271648642|ene2|5.899145603|0|42.55724716|||||||||||||
1537271648670|ene1|5.907519341|0|43.94934082|||||||||||||
1537271648697|ene3|5.916845798|0|46.77204132|||||||||||||
1537271648703|ene3|5.930969238|0|46.77204132|||||||||||||
1537271648716|ene1|5.9213624|0|43.94934082|||||||||||||
1537271648735|ene8|5.912671089|0|41.24972534|||||||||||||
1537271648951|ene8|5.912671089|0|44.11249161|||||||||||||
1537271649021|ene7|5.872387886|0|53.65792847|||||||||||||
1537271649227|ene7|5.883080959|0|53.65792847|||||||||||||
1537271649244|ene2|5.899194241|0|42.55724716|||||||||||||
1537271649347|ene3|5.953600883|0|46.62380219|||||||||||||
1537271649659|ene1|5.94002676|0|44.03663254|||||||||||||
1537271649684|ene3|5.953600883|0|46.60003281|||||||||||||
1537271649687|ene1|5.944702148|0|44.03663254|||||||||||||
1537271649718|ene3|5.955175877|0|46.5801239|||||||||||||
1537271649729|ene3|5.953600883|0|46.5801239|||||||||||||
1537271649744|ene1|5.944702148|0|44.05115128|||||||||||||
1537271649748|ene8|5.925951958|0.75437957|53.31552887|||||||||||||
1537271649947|ene8|5.91986084|0.75437957|53.31552887|||||||||||||
1537271650040|ene8|5.91986084|0.75437957|53.10808563|||||||||||||
1537271650095|ene7|5.893847466|0|42.89962006|||||||||||||
1537271650180|ene7|5.893847466|0|42.89032364|||||||||||||
1537271650252|ene2|5.902758598|0|42.81370926|||||||||||||
1537271650410|ene2|5.902758598|0|42.59823608|||||||||||||
1537271650414|mes80_plcPress||||f|t|f|f|t|f|2257|1|2|||110|210
1537271650457|mes80_plcPress||||t|t|f|f|t|f|2257|1|2|||110|210
1537271650480|ene6|5.951428413|0|77.05010986|||||||||||||
1537271650528|ene6|5.941223145|0|77.05010986|||||||||||||
1537271650543|ene5|5.864257812|0.425563157|11.83695316|||||||||||||
1537271650544|ene5|5.852355957|0.425563157|11.83695316|||||||||||||
1537271650588|ene3|5.936669827|0.310077369|46.54432678|||||||||||||
1537271650759|ene3|5.936669827|0.310077369|46.55776215|||||||||||||
1537271650793|ene3|5.936669827|0|46.55776215|||||||||||||
1537271650795|ene6|5.941223145|0.335164368|77.05010986|||||||||||||
1537271650803|ene5|5.852355957|0.528718889|11.83695316|||||||||||||
1537271650821|ene1|5.924695015|0|43.95049286|||||||||||||
1537271650860|ene1|5.924695015|0|43.83968353|||||||||||||
1537271650861|ene1|5.924695015|0.30665949|43.83968353|||||||||||||
1537271650862|ene8|5.913330078|0.75437957|53.10808563|||||||||||||
1537271650994|ene8|5.913330078|0.75437957|53.32008743|||||||||||||
1537271651096|ene8|5.913330078|0.305194438|53.32008743|||||||||||||
1537271651139|ene7|5.893847466|0|42.75401688|||||||||||||
1537271651268|ene7|5.886999607|0|42.75401688|||||||||||||
1537271651353|ene2|5.902673244|0|42.59823608|||||||||||||
1537271651423|ene2|5.902673244|0|42.61993027|||||||||||||
1537271651459|ene5|5.851708889|0.528718889|11.83695316|||||||||||||
1537271651491|ene5|5.851708889|0.575840831|11.83695316|||||||||||||
1537271651526|ene6|5.939123631|0|76.70497894|||||||||||||
1537271651771|ene3|5.936669827|0|46.54432678|||||||||||||
1537271651772|ene6|5.939123631|0.335164368|76.70497894|||||||||||||
1537271651777|ene5|5.851708889|0.575840831|11.62300014|||||||||||||
1537271651780|ene3|5.937780857|0|46.63726425|||||||||||||
1537271651782|ene1|5.926721096|0.30665949|43.91894913|||||||||||||
1537271651787|ene6|5.941223145|0.335164368|76.70497894|||||||||||||
1537271651788|ene1|5.924695015|0.30665949|43.91894913|||||||||||||
1537271651789|ene1|5.926721096|0|43.91894913|||||||||||||
1537271651803|ene8|5.915771484|0.305194438|53.32008743|||||||||||||
1537271652035|ene8|5.915771484|0|53.32008743|||||||||||||
1537271652060|ene8|5.915771484|0|53.18074799|||||||||||||
1537271652082|ene7|5.885754585|0|42.75401688|||||||||||||
1537271652281|ene7|5.885754585|0|42.88015747|||||||||||||
1537271652306|ene2|5.902673244|0|43.02924347|||||||||||||
1537271652365|ene2|5.902661324|0|43.02924347|||||||||||||
1537271652483|ene5|5.851708889|0.535554886|11.62300015|||||||||||||
1537271652505|ene6|5.941101074|0|76.8290863|||||||||||||
1537271652514|ene6|5.939123631|0|76.8290863|||||||||||||
1537271652515|ene5|5.851708889|0.535554886|11.15546036|||||||||||||
1537271652658|ene5|5.854199409|0.535554886|11.15546036|||||||||||||
1537271652690|ene1|5.926721096|0|44.09814453|||||||||||||
1537271652728|ene3|5.939978123|0|46.63726425|||||||||||||
1537271652797|ene3|5.939978123|0|46.62283707|||||||||||||
1537271652798|ene1|5.929247856|0|44.09814453|||||||||||||
1537271652884|ene8|5.918408394|0|53.18074799|||||||||||||
1537271653068|ene8|5.918408394|0|53.25933075|||||||||||||
1537271653097|ene7|5.885754585|0|42.69935226|||||||||||||
1537271653223|ene7|5.887182713|0|42.69935226|||||||||||||
1537271653247|ene2|5.902722359|0|43.02924347|||||||||||||
1537271653347|mes80_plcPress||||t|t|t|f|t|f|2257|1|2|||510|1211
1537271653421|ene2|5.902722359|0|42.92359924|||||||||||||
1537271653441|mes80_plcPress||||t|t|t|f|f|f|2257|1|2|||510|1211
1537271653474|mes80_plcPress||||t|t|t|f|f|f|2257|1|2|||510|1211
1537271653513|ene5|5.843969822|0.683635235|11.51383019|||||||||||||
1537271653566|ene5|5.843969822|0.535554886|11.15546036|||||||||||||
1537271653588|ene3|5.927246094|0|46.67458344|||||||||||||
1537271653610|ene3|5.927246094|0|46.62283707|||||||||||||
1537271653612|ene6|5.931603909|0.330708593|76.8290863|||||||||||||
1537271653620|ene5|5.843969822|0.535554886|11.51383018|||||||||||||
1537271653621|ene6|5.941101074|0.330708593|76.8290863|||||||||||||
1537271653621|ene3|5.927246094|0.313800931|46.67458344|||||||||||||
1537271653626|ene6|5.931603909|0.330708593|76.97929382|||||||||||||
1537271653646|ene1|5.912133694|0.307575047|44.09814453|||||||||||||
1537271653763|ene1|5.912133694|0|44.09814453|||||||||||||
1537271653802|ene1|5.912133694|0.307575047|44.39969635|||||||||||||
1537271653806|mes80_plcPress||||t|f|t|f|f|f|2257|1|2|||510|1211
1537271653904|ene8|5.918408394|2.279557228|53.61586761|||||||||||||
1537271654066|ene8|5.881371975|2.279557228|53.61586762|||||||||||||
1537271654079|ene8|5.918408394|2.279557228|53.25933075|||||||||||||
1537271654080|ene7|5.887182713|0|42.66831589|||||||||||||
1537271654159|ene7|5.868762016|0|42.66831589|||||||||||||
1537271654241|ene2|5.902722359|0|42.79331589|||||||||||||
1537271654307|ene2|5.902173042|0|42.79331589|||||||||||||
1537271654364|ene5|5.843969822|1.351462126|11.51383019|||||||||||||
1537271654465|ene6|5.931603909|0.330708593|77.11420441|||||||||||||
1537271654506|ene5|5.843969822|1.351462126|11.90593529|||||||||||||
1537271654560|ene6|5.931603909|0.321491629|77.11420441|||||||||||||
1537271654579|ene5|5.81364727|1.351462126|11.90593529|||||||||||||
1537271654587|ene6|5.901049614|0.321491629|77.11420441|||||||||||||
1537271654603|ene3|5.927246094|0.321613908|46.73403931|||||||||||||
1537271654684|ene3|5.927246094|0.313800931|46.73403931|||||||||||||
1537271654702|ene1|5.912133694|0.30904004|44.39969635|||||||||||||
1537271654752|ene1|5.886498928|0.30904004|44.29991531|||||||||||||
1537271654765|ene1|5.886498928|0.30904004|44.39969635|||||||||||||
1537271654779|ene3|5.898474216|0.321613908|46.73403931|||||||||||||
1537271654793|ene8|5.881371975|2.279557228|53.72444153|||||||||||||
1537271654985|ene8|5.881371975|0.556002557|53.72444153|||||||||||||
1537271655022|ene8|5.875524998|0.556002557|53.72444153|||||||||||||
1537271655035|ene7|5.868762016|0|42.92430496|||||||||||||
1537271655241|ene7|5.850610256|0|42.92430496|||||||||||||
1537271655282|ene2|5.902173042|0|42.77677917|||||||||||||
1537271655369|ene2|5.90119648|0|42.77677918|||||||||||||
1537271655375|ene5|5.824987888|1.351462126|11.88644886|||||||||||||
1537271655476|ene6|5.901049614|0.321491629|77.04833221|||||||||||||
1537271655489|ene5|5.81364727|1.351462126|11.88644886|||||||||||||
1537271655500|ene6|5.901049614|0|77.04833221|||||||||||||
1537271655508|ene6|5.911682129|0|77.04833221|||||||||||||
1537271655550|ene5|5.824987888|1.222486615|11.88644886|||||||||||||
1537271655594|ene3|5.898474216|0.321613908|46.62318802|||||||||||||
1537271655623|ene3|5.912573338|0|46.62318802|||||||||||||
1537271655676|ene3|5.898474216|0|46.62318802|||||||||||||
1537271655690|ene1|5.903454781|0.30904004|44.29991531|||||||||||||
1537271655710|ene1|5.903454781|0|44.09904861|||||||||||||
1537271655777|ene1|5.903454781|0|44.29991531|||||||||||||
1537271655778|mes80_plcPress||||f|f|t|f|f|t|2257|1|2|||510|1211
1537271655840|ene8|5.875524998|0.556002557|53.26519394|||||||||||||
1537271655977|ene8|5.896838188|0.556002557|53.26519394|||||||||||||
1537271655990|ene8|5.896838188|0|53.26519394|||||||||||||
1537271656035|ene7|5.850610256|0|42.71620941|||||||||||||
1537271656205|ene7|5.866503716|0|42.71620941|||||||||||||
1537271656263|ene2|5.90119648|0|42.69462585|||||||||||||
1537271656360|ene6|5.927319527|0|77.04833221|||||||||||||
1537271656444|ene2|5.900610447|0|42.69462585|||||||||||||
1537271656462|ene5|5.840783596|1.222486615|11.67412376|||||||||||||
1537271656546|ene5|5.840783596|0.839956582|11.67412376|||||||||||||
1537271656552|ene6|5.927319527|0|76.88355255|||||||||||||
1537271656553|ene5|5.824987888|1.222486615|11.67412376|||||||||||||
1537271656573|ene3|5.912573338|0|46.54896545|||||||||||||
1537271656604|ene1|5.917920113|0|44.09904862|||||||||||||
1537271656694|ene3|5.92791748|0|46.54896545|||||||||||||
1537271656708|ene1|5.917920113|0|44.06113434|||||||||||||
1537271656711|ene8|5.909533501|0|53.26519394|||||||||||||
1537271657044|ene8|5.909533501|0|52.76745605|||||||||||||
1537271657077|ene7|5.878747463|0|42.71620941|||||||||||||
1537271657200|ene7|5.878747463|0|42.63824844|||||||||||||
1537271657239|ene2|5.900610447|0|42.73608017|||||||||||||
1537271657326|mes80_plcPress||||f|f|t|f|f|f|2257|1|2|||510|1211
1537271657367|ene2|5.900353909|0|42.73608017|||||||||||||
1537271657370|ene6|5.927319527|0|76.93783569|||||||||||||
1537271657482|ene6|5.938073635|0|76.93783569|||||||||||||
1537271657516|ene5|5.851122856|0.839956582|11.3897953|||||||||||||
1537271657528|ene5|5.840783596|0.839956582|11.3897953|||||||||||||
1537271657546|ene5|5.851122856|0.640542269|11.3897953|||||||||||||
1537271657590|ene3|5.92791748|0|46.58088684|||||||||||||
1537271657619|ene3|5.937707424|0|46.58088684|||||||||||||
1537271657643|ene2|5.90423584|0|42.75928116|||||||||||||
1537271658342|ene7|5.903173923|0|42.68397522|||||||||||||
1537271658454|ene2|5.905395508|0|42.67855454|||||||||||||
1537271658572|mes10_plcManual||||t|t|t|f|t|f|2257|0|2|||510|1211
1537271658618|ene2|5.904687405|0|42.67855453|||||||||||||
1537271664020|mes10_plcManual||||f|t|t|f|t|t|2257|0|2|||510|1211
1537271669031|ene6|5.959448338|0|76.88221741|||||||||||||
1537271669118|ene6|5.959607124|0|76.88221741|||||||||||||
1537271669130|ene5|5.87211895|0|11.54177952|||||||||||||
1537271669153|ene5|5.872363091|0|11.54177952|||||||||||||
1537271669160|ene1|5.948266506|0|54.61945343|||||||||||||
1537271669256|ene3|5.958435059|0|46.59492111|||||||||||||
1537271669258|ene3|5.958435059|0|46.51772308|||||||||||||
1537271669262|ene1|5.948266506|0|54.96218109|||||||||||||
1537271669324|ene8|5.935925484|0|41.33529663|||||||||||||
1537271669587|ene8|5.935925484|0|41.15722656|||||||||||||
1537271669628|ene7|5.903418064|0|42.68397522|||||||||||||
1537271669769|ene7|5.903418064|0|42.86780167|||||||||||||
1537271669847|ene2|5.905395508|0|42.674263|||||||||||||
1537271669943|ene2|5.905932426|0|42.674263|||||||||||||
1537271669978|ene6|5.959607124|0|76.82771301|||||||||||||
1537271670102|ene6|5.959887505|0|76.82771301|||||||||||||
1537271670107|ene5|5.872558594|0|11.54177952|||||||||||||
1537271670119|ene5|5.872558594|0|11.49041748|||||||||||||
1537271670159|ene3|5.958435059|0|46.57764053|||||||||||||
1537271670196|ene1|5.948266506|0|55.59803772|||||||||||||
1537271670289|ene3|5.958520412|0|46.57764053|||||||||||||
1537271670313|ene1|5.948376656|0|55.59803772|||||||||||||
1537271670326|ene8|5.935925484|0|41.03797531|||||||||||||
1537271670563|ene8|5.936059475|0|41.03797531|||||||||||||
1537271670624|ene7|5.903418064|0|42.84495926|||||||||||||
1537271670798|ene7|5.903698921|0|42.84495926|||||||||||||
1537271670848|ene2|5.905932426|0|42.92066574|||||||||||||
1537271670976|ene2|5.90637207|0|42.92066574|||||||||||||
1537271670983|ene5|5.872558594|0|11.90783119|||||||||||||
1537271671073|ene6|5.959887505|0|76.89839172|||||||||||||
1537271671110|ene5|5.872632027|0|11.90783119|||||||||||||
1537271671118|ene6|5.959985256|0|76.89839172|||||||||||||
1537271671128|ene3|5.958874702|0|46.57764053|||||||||||||
1537271671217|ene3|5.958874702|0|46.6710701|||||||||||||
1537271671225|ene1|5.948571682|0|55.59803772|||||||||||||
1537271671271|ene1|5.948571682|0|55.77894211|||||||||||||
1537271671334|ene8|5.93612051|0|41.03797531|||||||||||||
1537271671565|ene8|5.93612051|0|41.2064743|||||||||||||
1537271671624|ene7|5.903698921|0|42.69782257|||||||||||||
1537271671789|ene7|5.903588772|0|42.69782257|||||||||||||
1537271671808|ene2|5.90637207|0|42.86940002|||||||||||||
1537271671905|ene2|5.906823635|0|42.86940002|||||||||||||
1537271671935|ene5|5.872632027|0|11.91761017|||||||||||||
1537271672050|ene6|5.959985256|0|77.01882172|||||||||||||
1537271672080|ene5|5.872582912|0|11.91761017|||||||||||||
1537271672102|ene6|5.95994854|0|77.01882172|||||||||||||
1537271672118|ene3|5.958874702|0|46.63344574|||||||||||||
1537271672189|ene3|5.958971977|0|46.63344574|||||||||||||
1537271672214|ene1|5.948571682|0|55.14086914|||||||||||||
1537271672309|ene1|5.948364258|0|55.14086914|||||||||||||
1537271672349|ene8|5.93612051|0|41.29039001|||||||||||||
1537271672573|ene8|5.935888767|0|41.29039002|||||||||||||
1537271672644|ene7|5.903588772|0|42.83124924|||||||||||||
1537271672855|ene2|5.907043457|0|42.86940002|||||||||||||
1537271672907|ene7|5.903637886|0|42.83124924|||||||||||||
1537271672922|ene6|5.96007061|0|77.01459503|||||||||||||
1537271673049|ene6|5.96007061|0|77.01882172|||||||||||||
1537271673078|ene2|5.907043457|0|42.70408249|||||||||||||
1537271673080|ene5|5.872509956|0|11.91761017|||||||||||||
1537271673133|ene5|5.872509956|0|11.87311268|||||||||||||
1537271673143|ene3|5.958788872|0|46.63344574|||||||||||||
1537271673216|ene3|5.958788872|0|46.65084076|||||||||||||
1537271673247|ene1|5.948364258|0|54.73557281|||||||||||||
1537271673280|ene1|5.948388577|0|54.73557282|||||||||||||
1537271673295|ene8|5.935888767|0|41.18610764|||||||||||||
1537271673544|ene8|5.935913086|0|41.18610764|||||||||||||
1537271673614|ene7|5.903637886|0|42.95254898|||||||||||||
1537271673814|ene7|5.90384531|0|42.95254898|||||||||||||
1537271673824|ene2|5.907043457|0|42.7595787|||||||||||||
1537271673954|ene2|5.907361031|0|42.75957871|||||||||||||
1537271673970|ene5|5.872668266|0|11.87311268|||||||||||||
1537271674077|ene5|5.872668266|0|11.68397713|||||||||||||
1537271674083|ene6|5.960046291|0|77.0438385|||||||||||||
1537271674121|ene6|5.96007061|0|77.0438385|||||||||||||
1537271674127|ene3|5.958679199|0|46.65084076|||||||||||||
1537271674208|ene3|5.958679199|0|46.50453186|||||||||||||
1537271674260|ene1|5.948388577|0|54.65937424|||||||||||||
1537271674301|ene1|5.948376656|0|54.65937424|||||||||||||
1537271674355|ene8|5.935986519|0|41.18610764|||||||||||||
1537271674567|ene8|5.935986519|0|41.17058182|||||||||||||
1537271674611|ene7|5.90384531|0|42.88199234|||||||||||||
1537271674785|ene7|5.903613091|0|42.88199234|||||||||||||
1537271674786|ene2|5.907361031|0|42.61603546|||||||||||||
1537271674897|ene2|5.907592773|0|42.61603546|||||||||||||
1537271674928|ene6|5.960046291|0|76.93173218|||||||||||||
1537271675060|ene6|5.95979023|0|76.93173218|||||||||||||
1537271675086|ene5|5.872448921|0|11.68397713|||||||||||||
1537271675163|ene5|5.872448921|0|11.85135365|||||||||||||
1537271675214|ene1|5.948376656|0|54.78034592|||||||||||||
1537271675337|ene1|5.948425293|0|54.78034592|||||||||||||
1537271675341|ene3|5.958508492|0|46.50453186|||||||||||||
1537271675344|ene3|5.958508492|0|46.51057053|||||||||||||
1537271675376|ene8|5.935986519|0|41.16626358|||||||||||||
1537271675555|ene8|5.935961723|0|41.16626358|||||||||||||
1537271675612|ene7|5.903613091|0|42.94006348|||||||||||||
1537271675827|ene7|5.903344631|0|42.94006348|||||||||||||
1537271675852|ene2|5.907592773|0|42.6627388|||||||||||||
1537271675958|ene2|5.907922268|0|42.6627388|||||||||||||
1537271676009|ene6|5.95979023|0|76.72899628|||||||||||||
1537271676023|ene6|5.959692478|0|76.72899628|||||||||||||
1537271676066|ene5|5.872314453|0|11.85135365|||||||||||||
1537271676105|ene5|5.872314453|0|11.98643398|||||||||||||
1537271676132|ene3|5.958374023|0|46.62592316|||||||||||||
1537271676222|ene3|5.958508492|0|46.62592316|||||||||||||
1537271676242|ene1|5.948376656|0|54.78034592|||||||||||||
1537271676292|ene1|5.948376656|0|54.89660263|||||||||||||
1537271676337|ene8|5.935888767|0|41.16626358|||||||||||||
1537271676619|ene8|5.935888767|0|41.54959869|||||||||||||
1537271676638|ene7|5.903344631|0|42.74638367|||||||||||||
1537271676788|ene7|5.903320313|0|42.74638367|||||||||||||
1537271676812|ene2|5.907922268|0|42.70458984|||||||||||||
1537271676921|ene2|5.908117771|0|42.70458984|||||||||||||
1537271676999|ene5|5.872387886|0|11.98643398|||||||||||||
1537271677063|ene6|5.959582329|0|76.72899628|||||||||||||
1537271677086|ene6|5.959582329|0|76.73712921|||||||||||||
1537271677091|ene5|5.872387886|0|11.74417496|||||||||||||
1537271677106|ene3|5.958374023|0|46.58738327|||||||||||||
1537271677188|ene3|5.958422661|0|46.58738327|||||||||||||
1537271677237|ene1|5.948376656|0|54.72457123|||||||||||||
1537271677275|ene1|5.948266506|0|54.72457123|||||||||||||
1537271677336|ene8|5.935620308|0|41.54959869|||||||||||||
1537271677562|ene8|5.935620308|0|41.37035751|||||||||||||
1537271677598|ene7|5.903137207|0|42.74638367|||||||||||||
1537271677793|ene7|5.903137207|0|42.84209824|||||||||||||
1537271677850|ene2|5.908398628|0|42.69422531|||||||||||||
1537271677968|ene2|5.908117771|0|42.69422531|||||||||||||
1537271677987|ene6|5.959582329|0|77.11951447|||||||||||||
1537271678059|ene6|5.959704399|0|77.11951447|||||||||||||
1537271678096|ene5|5.872375488|0|11.74417496|||||||||||||
1537271678170|ene5|5.872375488|0|11.53217793|||||||||||||
1537271678197|ene3|5.958557129|0|46.58738327|||||||||||||
1537271678216|ene3|5.958557129|0|46.78004074|||||||||||||
1537271678265|ene1|5.948144436|0|54.72457123|||||||||||||
1537271678287|ene1|5.948144436|0|54.56865692|||||||||||||
1537271678339|ene8|5.935412407|0|41.37035751|||||||||||||
1537271678609|ene8|5.935412407|0|41.24015045|||||||||||||
1537271678641|ene7|5.903137207|0|43.03610229|||||||||||||
1537271678812|ene7|5.902966499|0|43.0361023|||||||||||||
1537271678826|ene2|5.908398628|0|42.79306793|||||||||||||
1537271678983|ene2|5.908667088|0|42.79306793|||||||||||||
1537271679009|ene5|5.872338772|0|11.53217793|||||||||||||
1537271679112|ene5|5.872338772|0|11.58643436|||||||||||||
1537271679118|ene6|5.959704399|0|76.86920166|||||||||||||
1537271679133|ene3|5.958557129|0|46.7686615|||||||||||||
1537271679225|ene3|5.958325386|0|46.7686615|||||||||||||
1537271679238|ene1|5.948144436|0|54.66322327|||||||||||||
1537271679313|ene1|5.948095798|0|54.66322327|||||||||||||
1537271679340|ene8|5.935583591|0|41.24015045|||||||||||||
1537271679588|ene8|5.935583591|0|41.18395996|||||||||||||
1537271679603|ene7|5.902966499|0|42.98531342|||||||||||||
1537271679779|ene7|5.902990818|0|42.98531342|||||||||||||
1537271679831|ene2|5.908667088|0|42.69293594|||||||||||||
1537271679928|ene2|5.908740044|0|42.69293594|||||||||||||
1537271679982|ene6|5.959704399|0|76.9475174|||||||||||||
1537271680044|ene5|5.872338772|0|11.63899612|||||||||||||
1537271680066|ene3|5.958325386|0|46.52204895|||||||||||||
1537271680186|ene5|5.872277737|0|11.63899612|||||||||||||
1537271680194|ene6|5.959533691|0|76.9475174|||||||||||||
1537271680198|ene1|5.947985649|0|54.68119812|||||||||||||
1537271680316|ene1|5.948095798|0|54.68119812|||||||||||||
1537271680332|ene8|5.935583591|0|41.08227158|||||||||||||
1537271680601|ene8|5.935254097|0|41.08227158|||||||||||||
1537271680609|ene7|5.902990818|0|42.75516129|||||||||||||
1537271680843|ene7|5.902868748|0|42.75516129|||||||||||||
1537271680908|ene2|5.909057617|0|42.69293594|||||||||||||
1537271680917|ene2|5.909057617|0|42.67866135|||||||||||||
1537271681030|ene6|5.95943594|0|76.9475174|||||||||||||
1537271681053|ene5|5.872179985|0|11.63899612|||||||||||||
1537271681060|ene6|5.95943594|0|76.86047363|||||||||||||
1537271681112|ene5|5.872179985|0|11.88414383|||||||||||||
1537271681121|ene3|5.958203316|0|46.54443741|||||||||||||
1537271681230|ene3|5.958325386|0|46.54443741|||||||||||||
1537271681239|ene1|5.947863579|0|54.68119812|||||||||||||
1537271681263|ene1|5.947863579|0|54.71639633|||||||||||||
1537271681329|ene8|5.935412407|0|41.11115646|||||||||||||
1537271681648|ene8|5.935254097|0|41.11115646|||||||||||||
1537271681658|ene7|5.902905464|0|42.76442337|||||||||||||
1537271681807|ene7|5.902868748|0|42.76442337|||||||||||||
1537271681818|ene2|5.909057617|0|42.68235779|||||||||||||
1537271681957|ene2|5.909192085|0|42.68235779|||||||||||||
1537271681977|ene6|5.959570408|0|76.86047363|||||||||||||
1537271682053|ene5|5.872179985|0|11.68404198|||||||||||||
1537271682057|ene5|5.872192383|0|11.68404198|||||||||||||
1537271682164|ene6|5.959570408|0|76.74755859|||||||||||||
1537271682168|ene3|5.958203316|0|46.75555801|||||||||||||
1537271682180|ene3|5.958007813|0|46.75555801|||||||||||||
1537271682218|ene1|5.947863579|0|54.64154816|||||||||||||
1537271682287|ene1|5.947851658|0|54.64154816|||||||||||||
1537271682322|ene8|5.93536377|0|41.11115646|||||||||||||
1537271682608|ene8|5.93536377|0|41.25443268|||||||||||||
1537271682614|ene7|5.902795315|0|42.76442337|||||||||||||
1537271682786|ene7|5.902795315|0|42.85860443|||||||||||||
1537271682867|ene2|5.909192085|0|42.62763977|||||||||||||
1537271682904|ene2|5.909375191|0|42.62763977|||||||||||||
1537271682952|ene6|5.959570408|0|76.8416748|||||||||||||
1537271683015|ene5|5.872179985|0|11.68404198|||||||||||||
1537271683060|ene6|5.959424019|0|76.84167481|||||||||||||
1537271683140|ene5|5.872179985|0|11.48784637|||||||||||||
1537271683145|ene3|5.957885742|0|46.75555801|||||||||||||
1537271683169|ene3|5.957885742|0|46.83946228|||||||||||||
1537271683251|ene1|5.947814941|0|54.64154816|||||||||||||
1537271683287|ene1|5.947814941|0|54.85194778|||||||||||||
1537271683366|ene8|5.935132027|0|41.25443268|||||||||||||
1537271683563|ene8|5.935132027|0|41.2872467|||||||||||||
1537271683627|ene7|5.902795315|0|42.79387665|||||||||||||
1537271683832|ene7|5.902758598|0|42.79387665|||||||||||||
1537271683927|ene2|5.909375191|0|42.73290634|||||||||||||
1537271683970|ene2|5.909558296|0|42.73290634|||||||||||||
1537271684023|ene6|5.959204197|0|76.84167481|||||||||||||
1537271684069|ene5|5.872179985|0|11.97560215|||||||||||||
1537271684092|ene6|5.959204197|0|77.07289886|||||||||||||
1537271684093|ene5|5.872094631|0|11.97560215|||||||||||||
1537271684160|ene3|5.957885742|0|46.52903366|||||||||||||
1537271684177|ene3|5.957910061|0|46.52903366|||||||||||||
1537271684307|ene1|5.947851658|0|54.85194778|||||||||||||
1537271684363|ene1|5.947851658|0|55.07167816|||||||||||||
1537271684390|ene8|5.935132027|0|41.21946335|||||||||||||
1537271684605|ene8|5.935193062|0|41.21946335|||||||||||||
1537271684617|ene7|5.902612209|0|42.79387665|||||||||||||
1537271684836|ene7|5.902612209|0|42.741539|||||||||||||
1537271684843|ene2|5.909558296|0|42.74926376|||||||||||||
1537271684905|ene2|5.909777641|0|42.74926376|||||||||||||
1537271684978|mes10_plcManual||||f|t|f|f|t|f|0|0|2|||0|1211
1537271685093|ene6|5.959204197|0|77.08789063|||||||||||||
1537271685111|ene6|5.959228516|0|77.08789063|||||||||||||
1537271685118|mes10_plcManual||||f|t|f|f|t|f|0|1|2|||510|1211
1537271685128|ene5|5.872094631|0|11.74253082|||||||||||||
1537271685247|ene3|5.957824707|0|46.52903366|||||||||||||
1537271685390|ene1|5.947692871|0|54.94606018|||||||||||||
1537271685417|ene3|5.957824707|0|46.48256302|||||||||||||
1537271685444|ene1|5.947692871|0|55.07167816|||||||||||||
1537271685449|ene8|5.935021877|0|41.27310181|||||||||||||
1537271685579|ene8|5.935021877|0|41.21946335|||||||||||||
1537271685590|ene7|5.90246582|0|42.80604935|||||||||||||
1537271685775|ene7|5.902612209|0|42.80604935|||||||||||||
1537271685781|ene2|5.909777641|0|42.86373901|||||||||||||
1537271686010|ene2|5.909899712|0|42.86373901|||||||||||||
1537271686014|ene5|5.872094631|0|11.56162453|||||||||||||
1537271686066|ene6|5.959069729|0|77.08789063|||||||||||||
1537271686093|ene6|5.959069729|0|76.79837036|||||||||||||
1537271686095|ene5|5.871862888|0|11.56162453|||||||||||||
1537271686154|ene3|5.957824707|0|46.58557129|||||||||||||
1537271686197|ene3|5.957812309|0|46.58557129|||||||||||||
1537271686266|ene1|5.947692871|0|54.70611954|||||||||||||
1537271686274|ene1|5.947644234|0|54.70611954|||||||||||||
1537271686285|ene8|5.935021877|0|41.27570343|||||||||||||
1537271686611|ene8|5.93497324|0|41.27570343|||||||||||||
1537271686667|ene7|5.90246582|0|42.63395691|||||||||||||
1537271686838|ene7|5.902307034|0|42.63395691|||||||||||||
1537271686853|ene2|5.909899712|0|42.6736908|||||||||||||
1537271686955|ene2|5.910168648|0|42.6736908|||||||||||||
1537271687023|ene6|5.959057808|0|76.79837036|||||||||||||
1537271687091|ene6|5.959057808|0|76.93942261|||||||||||||
1537271687142|ene5|5.871911526|0|11.56162453|||||||||||||
1537271687165|ene5|5.871911526|0|11.55448627|||||||||||||
1537271687177|ene3|5.957812309|0|46.5709343|||||||||||||
1537271687220|ene1|5.947619438|0|54.8980751|||||||||||||
1537271687305|ene1|5.947644234|0|54.8980751|||||||||||||
1537271687321|mes10_plcManual||||f|t|t|f|t|f|0|0|2|||0|0
1537271687470|mes10_plcManual||||f|t|t|f|f|f|0|0|2|||0|0
1537271687515|mes10_plcManual||||f|t|t|f|t|f|0|0|2|||0|0
1537271687539|ene8|5.93497324|0|41.3010788|||||||||||||
1537271687653|ene8|5.925744534|0.351339728|41.3010788|||||||||||||
1537271687662|ene8|5.93497324|0.351339728|41.3010788|||||||||||||
1537271687664|ene7|5.899706841|0|42.63227463|||||||||||||
1537271687802|ene7|5.902307034|0|42.63227463|||||||||||||
1537271687807|ene2|5.91015625|0|42.6736908|||||||||||||
1537271687905|mes10_plcManual||||f|f|t|f|f|f|0|0|2|||0|0
1537271687968|ene2|5.91015625|0|42.75462341|||||||||||||
1537271688011|ene6|5.937243462|0|76.93942261|||||||||||||
1537271688074|ene6|5.937243462|0|76.98425293|||||||||||||
1537271688089|ene5|5.871911526|0|11.90091324|||||||||||||
1537271688173|ene3|5.927331448|0|46.5709343|||||||||||||
1537271688198|ene5|5.871911526|0.569858909|11.90091324|||||||||||||
1537271688224|ene3|5.927331448|0|46.57167816|||||||||||||
1537271688228|ene5|5.846899509|0.569858909|11.90091324|||||||||||||
1537271688248|ene1|5.891552925|2.216382265|54.95326996|||||||||||||
1537271688302|ene1|5.947619438|2.216382265|54.8980751|||||||||||||
1537271688309|ene1|5.947619438|2.216382265|54.95326996|||||||||||||
1537271688316|ene8|5.925744534|0.389855504|41.32670975|||||||||||||
1537271688671|ene8|5.884216309|0.389855504|41.32670975|||||||||||||
1537271688679|ene8|5.925744534|0.351339728|41.32670975|||||||||||||
1537271688696|ene7|5.899706841|0|42.70906067|||||||||||||
1537271688838|ene7|5.873840332|0|42.70906067|||||||||||||